{"Train loss": 0.006177787961526798, "Test loss": 0.006794430932806128, "Train MRE": 0.47444241202511434, "Test MRE": 1.9250935770669513, "_timestamp": 1688480266.590138, "_runtime": 88.75833797454834, "_step": 199, "_wandb": {"runtime": 95}}